{
  "f1_macro": 0.787925889273692,
  "f1_weighted": 0.8273231934083036,
  "accuracy": 0.8288064768869157,
  "opt_f1_macro": 0.789036890831245,
  "best_coef": [
    1.0526234567901236,
    0.988425925925926,
    1.0081790123456789
  ]
}